Threads,Time
1,20.350274562835693
2,10.190943241119385
4,5.108556270599365
8,2.5586154460906982
16,1.3548448085784912
